video_id,title,published,hms_format
jYoYCbhuWNk,สุทธิชัย หยุ่น อ่านหนังสือดีๆ ให้ฟัง สามก๊ก ฉบับนักบริหาร  บทที่ 1-2:,2025-07-25 0:00,12:33:53 AM
QGPJ-baIsC4,สุทธิชัย หยุ่น อ่านหนังสือดีๆ ให้ฟัง สามก๊ก ฉบับนักบริหาร  บทที่ 3-4:,2025-07-26,12:26:31 AM
XoCtgcjwTPQ,สุทธิชัย หยุ่น อ่านหนังสือดีๆ ให้ฟัง สามก๊ก ฉบับนักบริหาร  บทที่ 5-6:,2025-07-27 0:00,12:30:51 AM
Srny3hSBno8,สุทธิชัย หยุ่น อ่านหนังสือดีๆ ให้ฟัง สามก๊ก ฉบับนักบริหาร บทที่ 7-8:,2025-07-28,12:26:57 AM
Bu1EyM1_IJU,สุทธิชัย หยุ่น อ่านหนังสือดีๆ ให้ฟัง สามก๊ก ฉบับนักบริหาร  บทที่ 9-10:,2025-07-29,12:27:21 AM
0TUgEkGkKqQ,สุทธิชัย หยุ่น อ่านหนังสือดีๆ ให้ฟัง สามก๊ก ฉบับนักบริหาร  บทที่ 11-12:,2025-07-30,12:25:19 AM
BR21jE9ArGA,สุทธิชัย หยุ่น อ่านหนังสือดีๆ ให้ฟัง สามก๊ก ฉบับนักบริหาร บทที่ 13 -14:,2025-08-01 0:00,12:27:07 AM
2eV3MwGycQ0,"อ่านหนังสือดีๆให้ฟัง ""สามก๊ก ฉบับนักบริหาร"" บทที่ 15-16:",2025-08-02 0:00,12:27:07 AM
Q-lCHVQ5EWw,"อ่านหนังสือดีๆให้ฟัง ""สามก๊ก ฉบับนักบริหาร"" บทที่ 17-18:",2025-08-03,12:27:02 AM
a3wahIDyhxI,สุทธิชัย หยุ่น อ่านหนังสือดีๆ ให้ฟัง สามก๊ก ฉบับนักบริหาร  บทที่ 19 บทที่ 20,2025-08-04 0:00,12:27:47 AM
r-U9-lnAHy0,สุทธิชัย หยุ่น อ่านหนังสือดีๆ ให้ฟัง สามก๊ก ฉบับนักบริหาร  บทที่ 21 บทที่ 22,2025-08-05,12:28:19 AM
ugl1TUMJgRQ,สุทธิชัย หยุ่น อ่านหนังสือดีๆ ให้ฟัง สามก๊ก ฉบับนักบริหาร  บทที่ 23 บทที่ 24,2025-08-06 0:00,12:26:53 AM
-c4HNS_eEcE,สุทธิชัย หยุ่น อ่านหนังสือดีๆ ให้ฟัง สามก๊ก ฉบับนักบริหาร  บทที่ 25 บทที่ 26,2025-08-07,12:28:09 AM
CqEdugrHd7Q,สุทธิชัย หยุ่น อ่านหนังสือดีๆ ให้ฟัง สามก๊ก ฉบับนักบริหาร  บทที่ 27 บทที่ 28,2025-08-08,12:28:43 AM
Io_NQjCANGA,"สุทธิชัย หยุ่น อ่านหนังสือดีๆให้ฟัง ""สามก๊ก ฉบับนักบริหาร"" บทที่ 29-30: Suthichai Live 9-8-2568",2025-08-09,12:28:04 AM
dvZuas3OkLE,"สุทธิชัย หยุ่น อ่านหนังสือดีๆให้ฟัง ""สามก๊ก ฉบับนักบริหาร"" บทที่ 31-32: Suthichai Live 10-8-2568",2025-08-10 0:00,12:26:05 AM
q2Mhqxbv9cY,"สุทธิชัย หยุ่น อ่านหนังสือดีๆให้ฟัง ""สามก๊ก ฉบับนักบริหาร"" บทที่ 33-34 : Suthichai Live 11-8-2568",2025-08-11,12:29:05 AM
vPEChdeGDP4,"สุทธิชัย หยุ่น อ่านหนังสือดีๆให้ฟัง ""สามก๊ก ฉบับนักบริหาร"" บทที่ 35-36:",2025-08-12,12:29:43 AM
GPd0hANr4pc,"สุทธิชัย หยุ่น อ่านหนังสือดีๆให้ฟัง ""สามก๊ก ฉบับนักบริหาร"" บทที่ 37-38: Suthichai Live 13-8-2568",2025-08-13,12:29:55 AM
h_03elWSdDo,"สุทธิชัย หยุ่น อ่านหนังสือดีๆให้ฟัง ""สามก๊ก ฉบับนักบริหาร"" บทที่ 39-40: Suthichai Live 14-8-2568",2025-08-14,12:30:11 AM
mWc-zhd8ck4,"สุทธิชัย หยุ่น อ่านหนังสือดีๆให้ฟัง ""สามก๊ก ฉบับนักบริหาร"" บทที่ 41-42: Suthichai Live 15-8-2568",2025-08-15,12:29:09 AM
O21VlFWOb3M,"สุทธิชัย หยุ่น อ่านหนังสือดีๆให้ฟัง ""สามก๊ก ฉบับนักบริหาร"" บทที่ 43-44: Suthichai Live 16-8-2568",2025-08-16,12:29:51 AM
CuViSLtRXAc,สุทธิชัย หยุ่น อ่านหนังสือดีๆ ให้ฟัง สามก๊ก ฉบับนักบริหาร ตอนที่ 45-46 Suthichai Live 17-8-2568,2025-08-17,12:28:59 AM
L8xqajFn_4A,สุทธิชัย หยุ่น อ่านหนังสือดีๆ ให้ฟัง สามก๊ก ฉบับนักบริหาร ตอนที่ 47-48 Suthichai Live 18-8-2568,2025-08-18,12:28:43 AM
0_0XKR0L9Hw,สุทธิชัย หยุ่น อ่านหนังสือดีๆ ให้ฟัง สามก๊ก ฉบับนักบริหาร ตอนที่ 49-50 Suthichai Live 19-8-2568,2025-08-19,12:31:25 AM
oYbMRcWUURY,สุทธิชัย หยุ่น อ่านหนังสือดีๆ ให้ฟัง สามก๊ก ฉบับนักบริหาร ตอนที่ 51-52 Suthichai Live 19-8-2568,2025-08-20,12:30:55 AM
7wNtEuCxaJE,"สุทธิชัย หยุ่น อ่านหนังสือดีๆให้ฟัง ""สามก๊ก ฉบับนักบริหาร"" บทที่ 53-54: Suthichai Live 21-8-2568",2025-08-21,12:30:37 AM
Zl98E6WVdT4,"สุทธิชัย หยุ่น อ่านหนังสือดีๆให้ฟัง ""สามก๊ก ฉบับนักบริหาร"" บทที่ 55-56: Suthichai Live 22-8-2568",2025-08-22,12:27:25 AM
UnfXo6nQfZg,"สุทธิชัย หยุ่น อ่านหนังสือดีๆให้ฟัง ""สามก๊ก ฉบับนักบริหาร"" บทที่ 57-58: Suthichai Live 23-8-2568",2025-08-23,12:28:08 AM
0Xv_cDtam6w,"สุทธิชัย หยุ่น อ่านหนังสือดีๆให้ฟัง ""สามก๊ก ฉบับนักบริหาร"" บทที่ 59-60: Suthichai Live 24-8-2568",2025-08-24,12:30:03 AM
J16C2eXORLQ,"สุทธิชัย หยุ่น อ่านหนังสือดีๆให้ฟัง ""สามก๊ก ฉบับนักบริหาร"" บทที่ 61-62: Suthichai Live 25-8-2568",2025-08-25,12:31:17 AM
XpTzfuMxSRw,"สุทธิชัย หยุ่น อ่านหนังสือดีๆให้ฟัง ""สามก๊ก ฉบับนักบริหาร"" บทที่ 63-64: Suthichai Live 26-8-2568",2025-08-26 0:00,12:27:13 AM
XSNobNnb9Hk,"สุทธิชัย หยุ่น อ่านหนังสือดีๆให้ฟัง ""สามก๊ก ฉบับนักบริหาร"" บทที่ 65-66: Suthichai Live 27-8-2568",2025-08-27 0:00,12:27:19 AM
qCgTQxYtUdg,"สุทธิชัย หยุ่น อ่านหนังสือดีๆให้ฟัง ""สามก๊ก ฉบับนักบริหาร"" บทที่ 67-68: Suthichai Live 28-8-2568",2025-08-28,12:30:01 AM
2puYMEryX8Q,"สุทธิชัย หยุ่น อ่านหนังสือดีๆให้ฟัง ""สามก๊ก ฉบับนักบริหาร"" บทที่ 69-70: Suthichai Live 29-8-2568",2025-08-29,12:28:59 AM
mGAloAbEqtc,"สุทธิชัย หยุ่น อ่านหนังสือดีๆให้ฟัง ""สามก๊ก ฉบับนักบริหาร"" บทที่ 71-72: Suthichai Live 30-8-2568",2025-08-30 0:00,12:26:41 AM
qfxOhTD00wY,"อ่านหนังสือดีๆให้ฟัง ""สามก๊ก ฉบับนักบริหาร"" บทที่ 73-74: Suthichai Live 31-8-2568",2025-08-31,12:30:31 AM
i3PgrVKpOeU,"สุทธิชัย หยุ่น อ่านหนังสือดีๆให้ฟัง ""สามก๊ก ฉบับนักบริหาร"" บทที่ 75-76: Suthichai Live 1-9-2568",2025-09-01,12:29:45 AM
gylTdYCqoHI,"สุทธิชัย หยุ่น อ่านหนังสือดีๆให้ฟัง ""สามก๊ก ฉบับนักบริหาร"" บทที่ 77-78: Suthichai Live 2-9-2568",2025-09-02,12:30:29 AM
dAnG-cO8IGU,"สุทธิชัย หยุ่น อ่านหนังสือดีๆให้ฟัง ""สามก๊ก ฉบับนักบริหาร"" บทที่ 79-80: Suthichai Live 3-9-2568",2025-09-03,12:30:43 AM
KWOtye5_VLo,"สุทธิชัย หยุ่น อ่านหนังสือดีๆให้ฟัง ""สามก๊ก ฉบับนักบริหาร"" บทที่ 81-82: Suthichai Live 4-9-2568",2025-09-04,12:30:43 AM
5VbHA7K7ndA,"สุทธิชัย หยุ่น อ่านหนังสือดีๆให้ฟัง ""สามก๊ก ฉบับนักบริหาร"" บทที่ 83-84: Suthichai Live 5-9-2568",2025-09-05,12:29:47 AM
BbAJssdUtcw,"สุทธิชัย หยุ่น อ่านหนังสือดีๆให้ฟัง ""สามก๊ก ฉบับนักบริหาร"" บทที่ 85-86: Suthichai Live 6-9-2568",2025-09-06,12:30:40 AM
4tKKVQe22L0,"สุทธิชัย หยุ่น อ่านหนังสือดีๆให้ฟัง ""สามก๊ก ฉบับนักบริหาร"" บทที่ 87-88: Suthichai Live 7-9-2568",2025-09-07,12:30:19 AM
qeLSkw-J4bI,"สุทธิชัย หยุ่น อ่านหนังสือดีๆให้ฟัง ""สามก๊ก ฉบับนักบริหาร"" บทที่ 89 : Suthichai Live 8-9-2568",2025-09-08 0:00,12:25:08 AM
3lwUSwm-zfQ,"สุทธิชัย หยุ่น อ่านหนังสือดีๆให้ฟัง ""สามก๊ก ฉบับนักบริหาร"" บทที่ 90-91 : Suthichai Live 9-9-2568",2025-09-09,12:30:33 AM
q2il5jAIoKc,"สุทธิชัย หยุ่น อ่านหนังสือดีๆให้ฟัง ""สามก๊ก ฉบับนักบริหาร"" บทที่ 92 - 93 : Suthichai Live 10-9-2568",2025-09-10,12:28:39 AM
2ZQw4IVTdZQ,"สุทธิชัย หยุ่น อ่านหนังสือดีๆให้ฟัง ""สามก๊ก ฉบับนักบริหาร"" บทที่ 94 - 95 : Suthichai Live 11-9-2568",2025-09-11,12:28:35 AM
5grQmBixgAI,"สุทธิชัย หยุ่น อ่านหนังสือดีๆให้ฟัง ""สามก๊ก ฉบับนักบริหาร"" บทที่ 96 - 97 : Suthichai Live 12-9-2568",2025-09-12,12:30:19 AM
lvPbrAEfvaU,"สุทธิชัย หยุ่น อ่านหนังสือดีๆให้ฟัง ""สามก๊ก ฉบับนักบริหาร"" บทที่ 98-99: Suthichai Live 13-9-2568",2025-09-13,12:28:43 AM
saMEAErx8cg,"สุทธิชัย หยุ่น อ่านหนังสือดีๆให้ฟัง ""สามก๊ก ฉบับนักบริหาร"" บทที่ 100-101: Suthichai Live 14-9-2568",2025-09-14,12:31:41 AM
THEl87er9QE,"สุทธิชัย หยุ่น อ่านหนังสือดีๆให้ฟัง ""สามก๊ก ฉบับนักบริหาร"" บทที่ 102-103: Suthichai Live 15-9-2568",2025-09-15,12:30:05 AM
F8Qb5ZMA7UM,"สุทธิชัย หยุ่น อ่านหนังสือดีๆให้ฟัง ""สามก๊ก ฉบับนักบริหาร"" บทที่ 104-105: Suthichai Live 16-9-2568",2025-09-16,12:30:11 AM
zdnbKFuK4QE,"สุทธิชัย หยุ่น อ่านหนังสือดีๆให้ฟัง ""สามก๊ก ฉบับนักบริหาร"" บทที่ 106-107: Suthichai Live 17-9-2568",2025-09-17,12:28:57 AM
7vDllPl1Pm8,"สุทธิชัย หยุ่น อ่านหนังสือดีๆให้ฟัง ""สามก๊ก ฉบับนักบริหาร"" บทที่ 108-109: Suthichai Live 18-9-2568",2025-09-18,12:28:33 AM
C1HcBnwiAh0,สุทธิชัย หยุ่น อ่านหนังสือดีๆ ให้ฟัง สามก๊ก ฉบับนักบริหาร ตอนที่ 110-111 : Suthichai live 19-9-68,2025-09-19 0:00,12:26:49 AM
uyp7ejHTuvk,สุทธิชัย หยุ่น อ่านหนังสือดีๆ ให้ฟัง สามก๊ก ฉบับนักบริหาร ตอนที่ 112-113 : Suthichai live 20-9-68,2025-09-20 0:00,12:27:31 AM
xQ2q_8t5wmg,สุทธิชัย หยุ่น อ่านหนังสือดีๆ ให้ฟัง สามก๊ก ฉบับนักบริหาร ตอนที่ 114-115 : Suthichai live 21-9-68,2025-09-21 0:00,12:26:51 AM
#NAME?,"สุทธิชัย หยุ่น อ่านหนังสือดีๆให้ฟัง ""สามก๊ก ฉบับนักบริหาร"" บทที่ 116-117: Suthichai Live 22-9-2568",2025-09-22 0:00,12:28:26 AM
LRaj76I6jlI,"สุทธิชัย หยุ่น อ่านหนังสือดีๆให้ฟัง ""สามก๊ก ฉบับนักบริหาร"" บทที่ 118-119: Suthichai Live 23-9-2568",2025-09-23,12:31:41 AM
yv8x5BdHrOk,"สุทธิชัย หยุ่น อ่านหนังสือดีๆให้ฟัง ""สามก๊ก ฉบับนักบริหาร"" บทที่ 120-121: Suthichai Live 24-9-2568",2025-09-24,12:31:35 AM
q2PLRl8LL1U,"สุทธิชัย หยุ่น อ่านหนังสือดีๆให้ฟัง ""สามก๊ก ฉบับนักบริหาร"" บทที่ 122-123: Suthichai Live 25-9-2568",2025-09-25,12:28:37 AM
t5VYQGwGJ0k,"สุทธิชัย หยุ่น อ่านหนังสือดีๆให้ฟัง ""สามก๊ก ฉบับนักบริหาร"" บทที่ 124-125: Suthichai Live 26-9-2568",2025-09-26,12:29:31 AM
_2_ShpSiUu0,"สุทธิชัย หยุ่น อ่านหนังสือดีๆให้ฟัง ""สามก๊ก ฉบับนักบริหาร"" บทที่ 126-127: Suthichai Live 27-9-2568",2025-09-27 0:00,12:26:49 AM
zK16VDUya9Q,"สุทธิชัย หยุ่น อ่านหนังสือดีๆให้ฟัง ""สามก๊ก ฉบับนักบริหาร"" บทที่ 128-129: Suthichai Live 28-9-2568",2025-09-28 0:00,12:27:57 AM
m6nzUSxXMBs,"สุทธิชัย หยุ่น อ่านหนังสือดีๆให้ฟัง ""สามก๊ก ฉบับนักบริหาร"" บทที่ 130-131: Suthichai Live 29-9-2568",2025-09-29 0:00,12:27:27 AM
ZWHDaWQCe_s,"สุทธิชัย หยุ่น อ่านหนังสือดีๆให้ฟัง ""สามก๊ก ฉบับนักบริหาร"" บทที่ 132-133: Suthichai Live 30-9-2568",2025-09-30 0:00,12:26:37 AM
udhGXvpDjes,"สุทธิชัย หยุ่น อ่านหนังสือดีๆให้ฟัง ""สามก๊ก ฉบับนักบริหาร"" บทที่ 134-135: Suthichai Live 1-10-2568",2025-10-01 0:00,12:27:11 AM
vs1n9j3kWwY,"สุทธิชัย หยุ่น อ่านหนังสือดีๆให้ฟัง ""สามก๊ก ฉบับนักบริหาร"" บทที่ 136-137: Suthichai Live 2-10-2568",2025-10-02 0:00,12:26:01 AM
F5Vm2gFFCJI,"สุทธิชัย หยุ่น อ่านหนังสือดีๆให้ฟัง ""สามก๊ก ฉบับนักบริหาร"" บทที่ 138: Suthichai Live 3-10-2568",2025-10-03 0:00,12:27:13 AM
